{
  "waypoints_x": [
    1.1102230246251565e-16,
    1.1102230246251565e-16,
    2.220446049250313e-16,
    4.440892098500626e-16,
    5.551115123125783e-16,
    7.771561172376096e-16,
    8.881784197001252e-16,
    8.881784197001252e-16,
    9.992007221626409e-16,
    1.3322676295501878e-15,
    0.9903113209758097,
    3.7651019814126676,
    7.774790660436858,
    12.225209339563145,
    16.234898018587337,
    19.009688679024194,
    20.0,
    20.0,
    20.0,
    20.0,
    20.0,
    20.0,
    20.97886967409693,
    23.819660112501055,
    28.244294954150536,
    33.819660112501055,
    40.0,
    43.09016994374947,
    45.877852522924734,
    48.09016994374947,
    49.510565162951536,
    50.0,
    50.0,
    50.0,
    50.0,
    50.0,
    50.0,
    49.876883405951375,
    49.510565162951536,
    48.91006524188368,
    48.09016994374947,
    47.071067811865476,
    46.05196567998148,
    45.23207038184727,
    44.631570460779415,
    44.265252217779576,
    44.14213562373095,
    43.00032861140025,
    39.748737341529164,
    34.8823871092073,
    29.142135623730955,
    23.401884138254605,
    18.535533905932738,
    15.283942636061653,
    14.142135623730951,
    13.847394497578545,
    12.970428623836927,
    11.532831812800477,
    9.570002469067191,
    7.130271965336895,
    4.6905414616066,
    2.7277121178733132,
    1.2901153068368636,
    0.41314943309524577,
    0.11840830694283966,
    0.11840830694283921,
    0.11840830694283866,
    0.11840830694283788,
    0.11840830694283744,
    0.118408306942837,
    0.11840830694283622,
    0.11840830694283566
  ],
  "waypoints_y": [
    2.0,
    4.0,
    6.0,
    8.0,
    10.0,
    12.0,
    14.0,
    16.0,
    18.0,
    20.0,
    24.33883739117558,
    27.8183148246803,
    29.749279121818237,
    29.749279121818237,
    27.8183148246803,
    24.33883739117558,
    20.0,
    16.0,
    12.0,
    8.0,
    4.0,
    -1.2246467991473532e-16,
    -6.180339887498948,
    -11.755705045849462,
    -16.18033988749895,
    -19.02113032590307,
    -20.0,
    -20.489434837048464,
    -21.909830056250527,
    -24.122147477075266,
    -26.909830056250527,
    -30.0,
    -33.0,
    -36.0,
    -39.0,
    -42.0,
    -45.0,
    -46.564344650402305,
    -48.09016994374947,
    -49.53990499739547,
    -50.87785252292473,
    -52.071067811865476,
    -53.264283100806225,
    -54.60223062633548,
    -56.05196567998148,
    -57.577790973328646,
    -59.14213562373095,
    -64.8823871092073,
    -69.74873734152916,
    -73.00032861140025,
    -74.14213562373095,
    -73.00032861140025,
    -69.74873734152916,
    -64.8823871092073,
    -59.14213562373095,
    -55.39709453066783,
    -51.74426877839471,
    -48.273603059966206,
    -45.07055668384915,
    -42.213999282125,
    -39.357441880400856,
    -36.154395504283805,
    -32.68372978585529,
    -29.030904033582182,
    -25.285862940519053,
    -22.285862940519053,
    -19.285862940519053,
    -16.285862940519053,
    -13.285862940519053,
    -10.285862940519053,
    -7.285862940519053,
    -4.285862940519053
  ]
}
